﻿<?xml version="1.0"?>
<manifest identifier="LIM" version="1.1"
 xmlns="http://www.imsproject.org/xsd/imscp_rootv1p1p2" 
 xmlns:adlcp="http://www.adlnet.org/xsd/adlcp_rootv1p2"
 xmlns:xsi="http://www.w3.org/2001/XMLSchema-instance" 
 xsi:schemaLocation="http://www.imsproject.org/xsd/imscp_rootv1p1p2     imscp_rootv1p1p2.xsd 
 http://www.adlnet.org/xsd/adlcp_rootv1p2 adlcp_rootv1p2.xsd">	
 <metadata>
 <schema>ADL SCORM</schema>
 <schemaversion>1.2</schemaversion>
  
 </metadata>
  <organizations default="TOC1">
    <organization identifier="TOC1">
      <title>LIM</title>
      <item identifier="ITEM1" identifierref="RESOURCE1">
        <title>ALIMENTOS</title>
      </item>
    </organization>
  </organizations>
  <resources>
       	<resource identifier="RESOURCE1" type="webcontent" adlcp:scormtype="sco" href="alimentos_2_o_ano.html">
      <metadata>
        <schema>ADL SCORM</schema>
        <schemaversion>1.2</schemaversion>
      </metadata>
	 <file href="ABACATE_2.jpg" />
<file href="ABACATE.jpg" />
<file href="ABACAXI.jpg" />
<file href="ABOBRINHA.jpeg" />
<file href="ACCAI.JPG" />
<file href="ACAI1.jpg" />
<file href="ACAI2.jpg" />
<file href="ACAI3.jpg" />
<file href="ACEROLA.JPG" />
<file href="ACEROLA2.jpg" />
<file href="ani_snoopy.gif" />
<file href="APLAUSOS_2.mp3" />
<file href="ASSAI_2.jpg" />
<file href="ASSAI.jpg" />
<file href="ASSAI3.jpg" />
<file href="BANANA.jpg" />
<file href="BIRIBA.JPG" />
<file href="BIRIBA.JPG" />
<file href="CAJU.jpg" />
<file href="CAJU1.jpg" />
<file href="chuchu.jpg" />
<file href="Crash_with_glass.mp3" />
<file href="FRACCAO_1.JPG" />
<file href="framboesa.jpg" />
<file href="FRANBOESA2.jpg" />
<file href="FRUTAS_2.JPG" />
<file href="FRUTAS_21.jpg" />
<file href="FRUTAS_3.JPG" />
<file href="FRUTAS_E_LEGUMES_2.jpg" />
<file href="FRUTAS_E_LEGUMES_3.jpg" />
<file href="FRUTAS_E_LEGUMES.jpg" />
<file href="FRUTAS.JPG" />
<file href="FRUTAS_E_LEGUMES3.jpg" />
<file href="FRUTAS2.jpg" />
<file href="FRUTAS21.jpg" />
<file href="GOIABA.jpg" />
<file href="kaqui.jpg" />
<file href="laranja.jpg" />
<file href="PEPINO.jpg" />
<file href="REPOLHO.jpg" />
<file href="SALADA_1_DE_FRUTAS.jpg" />
<file href="SALADA_DE_FRUTAS_2.jpg" />
<file href="SALADA_DE_FRUTAS.JPG" />
<file href="SALADA2_FRUTA.jpg" />
<file href="SALADA3FRUTA.jpg" />
<file href="SALADAS1_DE_FRUTAS.jpg" />
<file href="TOMATE.jpg" />
<file href="alimentos_2_o_ano.html" />
<file href="html.tlm" />
<file href="sclim/ad.png" />
<file href="sclim/am.png" />
<file href="sclim/at.png" />
<file href="sclim/av.mp3" />
<file href="sclim/av.ogg" />
<file href="sclim/ben.mp3" />
<file href="sclim/ben.ogg" />
<file href="sclim/c.png" />
<file href="sclim/Escolar8.ttf" />
<file href="sclim/in.png" />
<file href="sclim/l.png" />
<file href="sclim/lang.js" />
<file href="sclim/lim-px.css" />
<file href="sclim/lim.css" />
<file href="sclim/limjs.js" />
<file href="sclim/mal.mp3" />
<file href="sclim/mal.ogg" />
<file href="sclim/p.png" />
<file href="sclim/pre.gif" />
<file href="alimentos_2_o_ano.lim" />
<file href="scormlim.js" />
	
    </resource>
  </resources>
</manifest>
